rank,category,name,price,location,rating,sold,url,image
20,laptop,"LENOVO IDEAPAD AMD A9 RAM 4GB - 512GB SSD // WINDOWS 10 // 14'' - Grey, 4GB/500GB",2600000.0,Jakarta Barat,4.4,100.0,Produk tidak dapat diklik karena Iklan / ADS,https://images.tokopedia.net/img/cache/200-square/VqbcmM/2021/5/3/8797d032-015e-47e8-bbc2-341024d94082.jpg
8,laptop,ASUS VIVOBOOK 14X M1403QA RYZEN 5 5600H 8GB 512SSD W11+OHS IPS 14WUXGA,7989000.0,Jakarta Utara,4.9,1000.0,https://www.tokopedia.com/amd-id/asus-vivobook-14x-m1403qa-ryzen-5-5600h-8gb-512ssd-w11-ohs-ips-14wuxga-silver-8gb-no-bundling,https://images.tokopedia.net/img/cache/200-square/VqbcmM/2022/12/12/f884ac3c-0cb4-4ad8-ba42-e296bd650b8e.png
4,laptop,TERLARIS ! Laptop ACER Aspire Core i3 Ram 8GB/1TB Windows 10 14 inch,1932000.0,Jakarta Barat,4.3,60.0,Produk tidak dapat diklik karena Iklan / ADS,https://images.tokopedia.net/img/cache/200-square/VqbcmM/2022/7/27/be5ad845-b28f-49db-82ca-b8db57626a4c.jpg
6,laptop,"Laptop ADVAN Soulmate Celeron N4020 4GB/128GB (upgradable) 14"" HD",2249000.0,Jakarta Utara,4.9,1000.0,Produk tidak dapat diklik karena Iklan / ADS,https://images.tokopedia.net/img/cache/200-square/VqbcmM/2023/5/18/eef7eef1-f9d9-43d0-b007-88934d061d21.jpg
73,laptop,"ASUS VivoBook Ultra 15 OLED K513EA I5-1135G7 8G 512G 15.6""OLED W11 OHS",10699000.0,Jakarta Pusat,4.9,100.0,https://www.tokopedia.com/collinsofficial/asus-vivobook-ultra-15-oled-k513ea-i5-1135g7-8g-512g-15-6-oled-w11-ohs,https://images.tokopedia.net/img/cache/200-square/VqbcmM/2022/2/24/bc9b96d7-e5a9-46d2-a65b-bca1146e34c1.jpg
9,laptop,"HP CHROMEBOOK 11 G8 / N4020/4GB/160GB/11.6""HD LAPTOP PELAJAR MURAH",1899000.0,Jakarta Utara,4.9,2000.0,https://www.tokopedia.com/agreshpauthorized/hp-chromebook-11-g8-n4020-4gb-160gb-11-6-hd-laptop-pelajar-murah-fs-32gb,https://images.tokopedia.net/img/cache/200-square/VqbcmM/2023/4/28/e020ef29-18e0-49a1-b164-7a78d50b4832.png
35,laptop,LAPTOP TABLET LENOVO THINKPAD X1 CARBON 2 IN 1 Core i5 7TH 8GB/128GB,3250000.0,Jakarta Barat,4.3,27.0,Produk tidak dapat diklik karena Iklan / ADS,https://images.tokopedia.net/img/cache/200-square/VqbcmM/2022/12/14/a1c1dc26-9d17-4343-b57e-c9a4909c7bca.png
74,laptop,"ASUS VIVOBOOK ULTRA 15 K513EA i3 1115G4 4/8GB 256GB 15.6""OLED W10 OHS",7928000.0,Jakarta Pusat,4.9,500.0,https://www.tokopedia.com/collinsofficial/asus-vivobook-ultra-15-k513ea-i3-1115g4-4-8gb-256gb-15-6-oled-w10-ohs-ram4gb-ssd512gb,https://images.tokopedia.net/img/cache/200-square/VqbcmM/2022/3/22/65b2a034-ad6a-4a6f-8a38-87b6c9a8d0ea.jpg
43,laptop,"Macbook Pro M1 Pro Max 2021 1TB 512GB SSD 16"" &amp; 14"" Inch RAM 32GB 16GB",24570000.0,Jakarta Pusat,4.9,750.0,https://www.tokopedia.com/studioponsel/macbook-pro-m1-pro-max-2021-1tb-512gb-ssd-16-14-inch-ram-32gb-16gb-14-cpo-16-512-grey-inter,https://images.tokopedia.net/img/cache/200-square/VqbcmM/2022/9/13/a7a36068-8899-4673-9230-f5ef045d1cb3.jpg
57,laptop,Lenovo Thinkpad X270 Touchscreen Core i5 Gen6 8/256GB Ultrabook Mulus,2150000.0,Jakarta Barat,4.9,500.0,https://www.tokopedia.com/electrocom/lenovo-thinkpad-x270-touchscreen-core-i5-gen6-8-256gb-ultrabook-mulus-x260-i5-gen6-ram-4-128gb-ssd,https://images.tokopedia.net/img/cache/200-square/VqbcmM/2023/2/21/612ef44e-a12d-4691-a283-8f6d4a174824.png
36,laptop,"Apple MacBook Air 2017 i5 13"" 8GB RAM 256GB SSD Ori Box &amp; Charger GR-B",4099000.0,Jakarta Selatan,5.0,50.0,Produk tidak dapat diklik karena Iklan / ADS,https://images.tokopedia.net/img/cache/200-square/VqbcmM/2023/4/15/2f146969-25a9-454b-b79f-3b7bdc9bf579.jpg
16,laptop,"Laptop Murah Samsung Chromebook 4 Celeron 32GB 4GB 11""6 HD RESMI SEIN",1999000.0,Jakarta Pusat,4.9,4000.0,https://www.tokopedia.com/distrilapid/laptop-murah-samsung-chromebook-4-celeron-32gb-4gb-11-6-hd-resmi-sein-non-bundling,https://images.tokopedia.net/img/cache/200-square/VqbcmM/2023/5/22/df1bfd93-a924-45d1-8521-9308f177b090.jpg
5,laptop,Laptop Asus E402YA AMD E2-7015 - 4GB 1TB - WIN10,2520000.0,Jakarta Barat,5.0,30.0,Produk tidak dapat diklik karena Iklan / ADS,https://images.tokopedia.net/img/cache/200-square/VqbcmM/2023/1/11/b02c6ba9-e867-40b8-8442-3bd1e9ddd1ad.png
42,laptop,"MacBook Air 2022 M2 Chip 13"" Inch 512GB 256GB RAM 8GB Apple IBOX",17000000.0,Jakarta Pusat,4.9,1000.0,https://www.tokopedia.com/studioponsel/macbook-air-2022-m2-chip-13-inch-512gb-256gb-ram-8gb-apple-ibox-inter-256gb-grey,https://images.tokopedia.net/img/cache/200-square/VqbcmM/2022/9/12/fe20fea9-a892-45fe-b536-cd409f4b75c2.jpg
2,laptop,LAPTOP TABLET OK ! LENOVO THINKPAD YOGA 11E N3350 RAM 8GB/256GB SSD - 4GB/128GB NO TS,1390000.0,Jakarta Barat,4.8,50.0,Produk tidak dapat diklik karena Iklan / ADS,https://images.tokopedia.net/img/cache/200-square/VqbcmM/2022/4/28/3997803b-708d-458e-9c1b-09ff11d1249b.jpg
62,laptop,MSI MODERN 14 RYZEN 5 5625U 8GB 512SSD W11 14FHD IPS BLIT -C5M.005,7099000.0,Jakarta Utara,5.0,100.0,https://www.tokopedia.com/amd-id/msi-modern-14-ryzen-5-5625u-8gb-512ssd-w11-14fhd-ips-blit-c5m-005-black-8gb-tanpa-antigores,https://images.tokopedia.net/img/cache/200-square/VqbcmM/2023/1/31/5346f60e-eefd-4ac5-9462-34f91b06f258.png
61,laptop,"HP Victus 15-fa0008TX i7-12700H 8GB/512SSD/15.6""/RTX3050/Win11+OHS",13949000.0,Jakarta Utara,5.0,100.0,https://www.tokopedia.com/agreshpauthorized/hp-victus-15-fa0008tx-i7-12700h-8gb-512ssd-15-6-rtx3050-win11-ohs-harga-promo-8gb-512ssd,https://images.tokopedia.net/img/cache/200-square/VqbcmM/2023/6/9/192a2d9d-21b8-453d-9f40-01a4c97bdf3a.png
45,laptop,Lenovo Ideapad Gaming 3 GeForce RTX™ 3050 - Ryzen 5 5600 8GB 512SSD,11699000.0,Jakarta Utara,4.9,1000.0,https://www.tokopedia.com/nvidiageforcelt/lenovo-ideapad-gaming-3-geforce-rtx-3050-ryzen-5-5600-8gb-512ssd-tanpa-antigores-8gb,https://images.tokopedia.net/img/cache/200-square/VqbcmM/2022/11/8/06be9729-373b-4a7f-a5fd-936ada8b21ee.png
55,laptop,Lenovo Ideapad Gaming 3i GeForce RTX™ 3050 -I5 12500H 8GB 512SSD,13399000.0,Jakarta Utara,4.9,250.0,https://www.tokopedia.com/nvidiageforcelt/lenovo-ideapad-gaming-3i-geforce-rtx-3050-i5-12500h-8gb-512ssd-no-bundling-i5-12450h-8gb,https://images.tokopedia.net/img/cache/200-square/VqbcmM/2022/11/1/e0790cf0-193d-418a-8d39-33e8080ca955.png
26,laptop,ASUS TUF A15 FA506IC RYZEN 7-4800H 8GB 512GB RTX3050 4GB 144Hz W10 OHS,11859000.0,Jakarta Pusat,4.9,250.0,https://www.tokopedia.com/collinsofficial/asus-tuf-a15-fa506ic-ryzen-7-4800h-8gb-512gb-rtx3050-4gb-144hz-w10-ohs,https://images.tokopedia.net/img/cache/200-square/VqbcmM/2021/8/27/64801d80-51e5-482a-90eb-223fb592fcd5.jpg
15,laptop,"ASUS VIVOBOOK PRO 14X OLED M3400QA RYZEN 7-5800H 16G 512G 14"" 2.8K W11",10099000.0,Jakarta Pusat,4.9,250.0,https://www.tokopedia.com/protechcom/asus-vivobook-pro-14x-oled-m3400qa-ryzen-7-5800h-16g-512g-14-2-8k-w11,https://images.tokopedia.net/img/cache/200-square/VqbcmM/2022/8/2/056078b7-c8d8-4dc3-adbd-1d68a212fad9.jpg
22,laptop,Samsung Chromebook 4 4/32GB 11.6in Garansi Resmi,2299000.0,Jakarta Pusat,4.9,1000.0,https://www.tokopedia.com/pandawatiga/samsung-chromebook-4-4-32gb-11-6in-garansi-resmi-promo-platinum,https://images.tokopedia.net/img/cache/200-square/VqbcmM/2021/10/11/93d33251-9981-4b33-8fc3-f9b2c7fdd6a3.jpg
79,laptop,laptop Lenovo thinkpad L570 core i3 gen 6 - ram 8g - ssd 512gb - 15inc - 4GB - HDD 500,1799000.0,Jakarta Pusat,5.0,3.0,Produk tidak dapat diklik karena Iklan / ADS,https://images.tokopedia.net/img/cache/200-square/VqbcmM/2023/4/13/f56e676c-d373-464d-ad30-a54141d7da48.jpg
68,laptop,Asus M415DAO VIPS352 Ryzen 3 3250 8GB 512ssd Vega3 W10+OHS 14.0FHD IPS,5555000.0,Jakarta Utara,4.9,100.0,https://www.tokopedia.com/rogsstoreid/asus-m415dao-vips352-ryzen-3-3250-8gb-512ssd-vega3-w10-ohs-14-0fhd-ips-4gb-256ssd-grey,https://images.tokopedia.net/img/cache/200-square/VqbcmM/2022/10/17/3160d62d-f71c-44bb-a674-8223d023a853.jpg
67,laptop,"ASUS Vivobook 14 A1400EA i3-1115G4 512GB 14"" FHD Intel® UHD W11 OHS",6949000.0,Jakarta Pusat,4.9,100.0,https://www.tokopedia.com/collinsofficial/asus-vivobook-14-a1400ea-i3-1115g4-512gb-14-fhd-intel-uhd-w11-ohs-ram-8gb,https://images.tokopedia.net/img/cache/200-square/VqbcmM/2023/1/20/e1ebc169-756f-4532-b2c2-a22bdf8b31b8.jpg
46,laptop,"MSI Modern 14 C11M i3-1115G4 UHD Graphics 14"" FHD IPS-Level Thin Bezel",5899000.0,Jakarta Pusat,4.9,500.0,https://www.tokopedia.com/msi-official/msi-modern-14-c11m-i3-1115g4-uhd-graphics-14-fhd-ips-level-thin-bezel-ssd-256gb-black,https://images.tokopedia.net/img/cache/200-square/VqbcmM/2023/5/25/50d78b7b-e06a-4004-9013-01dcc77c24c4.jpg
17,laptop,"Laptop Lenovo Thinkpad X270 Core i5 - RAM 8GB - SSD 256GB - Win 10 Pro - X230-i5 Gen 3, 4GB - HDD 320GB",1850000.0,Jakarta Pusat,4.9,100.0,Produk tidak dapat diklik karena Iklan / ADS,https://images.tokopedia.net/img/cache/200-square/VqbcmM/2023/3/9/e14d8b6d-188d-4469-82ae-c2032acc2c9a.jpg
70,laptop,"LAPTOP LENOVO V14 G3 CORE I3 1215U 12GB 512GB SSD 14"" INTEL UHD",5649000.0,Jakarta Utara,4.9,70.0,https://www.tokopedia.com/rogsstoreid/laptop-lenovo-v14-g3-core-i3-1215u-12gb-512gb-ssd-14-intel-uhd-4gb-256-ssd-standard,https://images.tokopedia.net/img/cache/200-square/VqbcmM/2023/3/10/6aa72c25-cfae-4f7a-b1b4-33bbae80c8c4.jpg
3,laptop,Laptop baru 12GB+512GB 12inch Core-i5 Mulus/Bergaransi/Win10 pc,1858000.0,Jakarta Barat,5.0,30.0,Produk tidak dapat diklik karena Iklan / ADS,https://images.tokopedia.net/img/cache/200-square/VqbcmM/2023/6/3/11e9b631-2956-4019-9ad6-cd2f787d4097.jpg
64,laptop,"ACER Nitro 5 AN515-58 i5-12500H 8/16G 512G RTX3050 15.6"" 144Hz W11 OHS",13219000.0,Jakarta Pusat,4.9,250.0,https://www.tokopedia.com/collinsofficial/acer-nitro-5-an515-58-i5-12500h-8-16g-512g-rtx3050-15-6-144hz-w11-ohs-ram-16gb-srgb-100,https://images.tokopedia.net/img/cache/200-square/VqbcmM/2023/5/31/a7a2fac6-1955-4437-9bc9-bf19948f8bda.jpg
49,laptop,ASUS VIVOBOOK PRO 14X OLED M3400QA | RYZEN 7 5800H 16GB 512SSD W11+OHS,9999000.0,Jakarta Utara,4.9,500.0,https://www.tokopedia.com/amd-id/asus-vivobook-pro-14x-oled-m3400qa-ryzen-7-5800h-16gb-512ssd-w11-ohs-solar-silver,https://images.tokopedia.net/img/cache/200-square/VqbcmM/2022/9/15/39abf767-38f6-45e1-a2d4-2ee6993c19da.png
76,laptop,"ASUS Vivobook 14 A1405ZA i3-1215U 8G 512G Intel UHD 14"" 16:10 W11 OHS",8136000.0,Jakarta Pusat,5.0,100.0,https://www.tokopedia.com/collinsofficial/asus-vivobook-14-a1405za-i3-1215u-8g-512g-intel-uhd-14-16-10-w11-ohs,https://images.tokopedia.net/img/cache/200-square/VqbcmM/2023/4/14/6112acf3-b8bf-43e5-9cf8-71219f2e2b7f.jpg
41,laptop,"Laptop HP 14S Dq3111tu N4500 8GB 512GB SSD W11 OHS 14"" - Dq3109tu",4539000.0,Jakarta Utara,5.0,80.0,https://www.tokopedia.com/royalltech/laptop-hp-14s-dq3111tu-n4500-8gb-512gb-ssd-w11-ohs-14-dq3109tu-laptop-256-ssd-2ddc,https://images.tokopedia.net/img/cache/200-square/VqbcmM/2023/6/9/e84868b1-c320-4c74-b9fa-fc0fac3f675e.png
10,laptop,"ASUS Vivobook Pro 14X OLED M3400QA Ryzen 7-5800H 512G 14"" 2.8K W11 OHS",10099000.0,Jakarta Pusat,5.0,500.0,https://www.tokopedia.com/collinsofficial/asus-vivobook-pro-14x-oled-m3400qa-ryzen-7-5800h-512g-14-2-8k-w11-ohs-ram-16gb,https://images.tokopedia.net/img/cache/200-square/VqbcmM/2023/4/14/dcc81f7a-2e55-4e9b-8eb9-3183ef692153.jpg
11,laptop,HP Chromebook 11 G8 | N4020 4GB 32GB 11.6HD,1899000.0,Jakarta Utara,4.9,1000.0,https://www.tokopedia.com/gameridos/hp-chromebook-11-g8-n4020-4gb-32gb-11-6hd-32gb-normal,https://images.tokopedia.net/img/cache/200-square/VqbcmM/2023/3/22/9655279a-23e5-44d8-931b-e5ab52f22aed.png
48,laptop,"Samsung Chromebook 4 Laptop 11""6 HD 32GB 4GB Garansi SEIN Laptop Murah",1999000.0,Jakarta Pusat,4.9,2000.0,https://www.tokopedia.com/agusidstoreapple/samsung-chromebook-4-laptop-11-6-hd-32gb-4gb-garansi-sein-laptop-murah-non-bundling,https://images.tokopedia.net/img/cache/200-square/VqbcmM/2023/5/22/9246dbc7-4d13-4374-83f3-b099db01313d.png
53,laptop,Acer Nitro 5 AN515-58 GeForce RTX® 3050 - 144Hz intel i5 12500H 8/16GB,12814999.0,Jakarta Utara,5.0,250.0,https://www.tokopedia.com/nvidiageforcelt/acer-nitro-5-an515-58-geforce-rtx-3050-144hz-intel-i5-12500h-8-16gb-8gb-100srgb-tanpa-antigores,https://images.tokopedia.net/img/cache/200-square/VqbcmM/2022/11/1/3431b677-9942-4c55-8b39-00325ef4be5b.png
1,laptop,,,,4.9,250.0,Produk tidak dapat diklik karena Iklan / ADS,https://images.tokopedia.net/img/cache/200-square/VqbcmM/2023/5/25/25d6abc3-47fa-481b-a0b7-7ea4c5f34b8c.png
54,laptop,"LAPTOP XIAOMI Redmi Book 15 - Core i3-1115G4 8GB 256GB 15.6"" FHD W10",5029000.0,Jakarta Pusat,4.9,100.0,https://www.tokopedia.com/collinsofficial/laptop-xiaomi-redmi-book-15-core-i3-1115g4-8gb-256gb-15-6-fhd-w10,https://images.tokopedia.net/img/cache/200-square/VqbcmM/2021/8/4/12cdbb1a-30dd-46e1-bdad-700ba147b239.jpg
59,laptop,"MSI Modern 14 C11M i5-1155G7 8GB 512GB iRiS Xe GRAPHICS 14"" FHD W11",7699000.0,Jakarta Pusat,4.9,250.0,https://www.tokopedia.com/msi-official/msi-modern-14-c11m-i5-1155g7-8gb-512gb-iris-xe-graphics-14-fhd-w11-hitam,https://images.tokopedia.net/img/cache/200-square/VqbcmM/2023/5/25/8119eef6-a0d7-44fa-89be-ab0b4f623475.jpg
23,laptop,"LAPTOP INFINIX INBOOK X2 - I3-1115G4 8G 256GB 14""FHD IPS sRGB 100% W11",5849000.0,Jakarta Pusat,5.0,80.0,https://www.tokopedia.com/collinsofficial/laptop-infinix-inbook-x2-i3-1115g4-8g-256gb-14-fhd-ips-srgb-100-w11,https://images.tokopedia.net/img/cache/200-square/VqbcmM/2023/3/7/9e7ddaf8-bb8e-4f17-b6e8-a1b59f8287ff.jpg
14,laptop,"ASUS VIVOBOOK A416MA DUALCORE N4020 4GB 256GB SSD INTEL HD 14"" OHS W10",4399000.0,Jakarta Pusat,5.0,500.0,https://www.tokopedia.com/protechcom/asus-vivobook-a416ma-dualcore-n4020-4gb-256gb-ssd-intel-hd-14-ohs-w10,https://images.tokopedia.net/img/cache/200-square/VqbcmM/2023/6/12/dfa2a745-945c-4b58-b773-0053079af3e1.jpg
37,laptop,ASUS VivoBook M415DAO-FHD351 - Slate Grey,6399000.0,Dilayani Tokopedia,4.9,250.0,https://www.tokopedia.com/asus/asus-vivobook-m415dao-fhd351-slate-grey,https://images.tokopedia.net/img/cache/200-square/VqbcmM/2022/8/2/549f12f2-b7d4-4b6f-a853-f1ed7bb25ee3.jpg
32,laptop,"SALE !! LAPTOP / NOTEBOOK ASUS E203 / RAM 2GB - 500GB / 12"" Inch - Merah Muda, X200 2/500GB",1500000.0,Jakarta Barat,4.7,100.0,Produk tidak dapat diklik karena Iklan / ADS,https://images.tokopedia.net/img/cache/200-square/VqbcmM/2021/4/30/d9b1d4f6-396b-479d-874a-f0d6c38fe273.jpg
72,laptop,"ADVAN Soulmate Laptop 14"" Intel N4020 4GB 128GB 256GB Garansi Resmi",2249000.0,Jakarta Barat,4.8,100.0,https://www.tokopedia.com/advan-official/advan-soulmate-laptop-14-intel-n4020-4gb-128gb-256gb-garansi-resmi-hitam-4-128gb-windows-11,https://images.tokopedia.net/img/cache/200-square/VqbcmM/2023/5/12/d4cdee3a-632a-43d4-ad87-b80b69be4fce.jpg
24,laptop,Apple Macbook Air 13inch M1 2021 - Garansi Resmi,11950000.0,Jakarta Barat,5.0,250.0,https://www.tokopedia.com/ptpratamasemesta/apple-macbook-air-13inch-m1-2021-garansi-resmi-promo-m1-256gb-grey,https://images.tokopedia.net/img/cache/200-square/VqbcmM/2022/9/9/a3e12be5-43f7-4739-b312-9c45a9fb4398.jpg
33,laptop,Laptop Lenovo Mix 520 2in1 Tablet Ram 16GB SSD 256GB Termurah Original,2999999.0,Bandung,5.0,6.0,Produk tidak dapat diklik karena Iklan / ADS,https://images.tokopedia.net/img/cache/200-square/VqbcmM/2023/3/6/4b69f4fd-30ac-4664-9f2d-53dc5acd090e.jpg
78,laptop,ADVAN Laptop Notebook Soulmate 14 inch RAM 4/256GB - DOS BLUE,2699000.0,Jakarta Utara,4.9,100.0,Produk tidak dapat diklik karena Iklan / ADS,https://images.tokopedia.net/img/cache/200-square/VqbcmM/2023/1/27/fd3c41cc-f4d5-45de-bc35-0475e30dab5a.jpg
81,laptop,LAPTOP SECOND GAMING DELL LATITUDE 5470 I7 8GB/256GB SSD VGA 2GB MULUS,3999999.0,Bandung,4.9,20.0,Produk tidak dapat diklik karena Iklan / ADS,https://images.tokopedia.net/img/cache/200-square/VqbcmM/2023/3/2/1eecd869-5951-4d70-a087-ea5cd8ed70ff.jpg
80,laptop,LAPTOP GAMING I5 NVIDIA 2GB - RAM 8GB - HDD 1TB - MOUSE - TAS,3000000.0,Bekasi,4.5,4.0,Produk tidak dapat diklik karena Iklan / ADS,https://images.tokopedia.net/img/cache/200-square/VqbcmM/2023/4/5/77fba952-c184-4a39-9fcb-71fd9d719cc8.jpg
30,laptop,"LAPTOP INFINIX X2 - I3-1115G4 8GB 256GB sRGB 100% 14"" FHD IPS W11",5849000.0,Jakarta Pusat,4.9,50.0,https://www.tokopedia.com/protechcom/laptop-infinix-x2-i3-1115g4-8gb-256gb-srgb-100-14-fhd-ips-w11,https://images.tokopedia.net/img/cache/200-square/VqbcmM/2023/3/8/2541921b-38a6-4e83-b964-d96e5fb39900.jpg
56,laptop,"Asus TUF FX506HC - RTX3050 i5 11400 8GB 512ssd 15.6""FHD IPS 144Hz OHS",11669000.0,Jakarta Utara,5.0,500.0,https://www.tokopedia.com/intelgamingid/asus-tuf-fx506hc-rtx3050-i5-11400-8gb-512ssd-15-6-fhd-ips-144hz-ohs-non-bundle-8gb,https://images.tokopedia.net/img/cache/200-square/VqbcmM/2023/6/9/51861b2b-60bb-4edb-8df0-e504dd00540c.png
12,laptop,"MSI GF63 Thin 11UC i7-11800H RTX3050 15.6"" FHD IPS-Level 144Hz",11799000.0,Jakarta Pusat,4.9,250.0,https://www.tokopedia.com/msi-official/msi-gf63-thin-11uc-i7-11800h-rtx3050-15-6-fhd-ips-level-144hz,https://images.tokopedia.net/img/cache/200-square/VqbcmM/2023/5/22/edef1f7c-08bc-4fa3-9a93-563efcf5fcde.jpg
69,laptop,"ASUS VIVOBOOK ULTRA 15 K513EA i3-1135G4 4GB 256GB 15.6"" OLED OHS W10",7928000.0,Jakarta Pusat,4.9,750.0,https://www.tokopedia.com/protechcom/asus-vivobook-ultra-15-k513ea-i3-1135g4-4gb-256gb-15-6-oled-ohs-w10-4gb-512gb-oled,https://images.tokopedia.net/img/cache/200-square/VqbcmM/2022/3/14/f40e49b2-2577-48ce-a300-1454537842c2.jpg
27,laptop,"MSI Cyborg 15 A12VF i7-12650H 16GB 512GB RTX4060 15.6"" FHD 144Hz W11",18499000.0,Jakarta Pusat,4.9,80.0,https://www.tokopedia.com/msi-official/msi-cyborg-15-a12vf-i7-12650h-16gb-512gb-rtx4060-15-6-fhd-144hz-w11,https://images.tokopedia.net/img/cache/200-square/VqbcmM/2023/4/13/76a43cb3-2959-47f5-8c23-9ddddc34e778.jpg
25,laptop,MSI GF63 Thin 11SC-080ID i5-11400H 8GB 512GB GTX1650 4GB W10,9999000.0,Jakarta Pusat,4.9,750.0,https://www.tokopedia.com/msi-official/msi-gf63-thin-11sc-080id-i5-11400h-8gb-512gb-gtx1650-4gb-w10,https://images.tokopedia.net/img/cache/200-square/VqbcmM/2023/5/22/63f2b9c9-f4b1-4404-bf5d-f703f8f0df5d.jpg
40,laptop,ASUS VIVOBOOK 14X M1403QA RYZEN 5 5600H 16GB 512SSD W11+OHS21 14-WUXGA,7989000.0,Jakarta Utara,5.0,250.0,https://www.tokopedia.com/envicstore/asus-vivobook-14x-m1403qa-ryzen-5-5600h-16gb-512ssd-w11-ohs21-14-wuxga-quiet-blue-unit,https://images.tokopedia.net/img/cache/200-square/VqbcmM/2022/9/28/57928706-43bc-408b-ace8-a41de9ce9dd8.jpg
71,laptop,Obrall Laptop Lenovo Thinkpad X260 Ci5 Gen6 8 GB SSD 256 Murah Muluss,2100000.0,Jakarta Pusat,4.9,3000.0,https://www.tokopedia.com/foxcomp/obrall-laptop-lenovo-thinkpad-x260-ci5-gen6-8-gb-ssd-256-murah-muluss-hdd-500gb-8-gb,https://images.tokopedia.net/img/cache/200-square/VqbcmM/2023/2/20/d4099557-8ea5-4d4d-a196-cbc97296efcb.jpg
28,laptop,"Laptop MURAH ADVAN Soulmate Celeron N4020 4GB 128GB 256GB 14"" W11",2199000.0,Jakarta Pusat,4.9,500.0,https://www.tokopedia.com/distrilapid/laptop-murah-advan-soulmate-celeron-n4020-4gb-128gb-256gb-14-w11-grey-128gb-windows,https://images.tokopedia.net/img/cache/200-square/VqbcmM/2023/5/24/ead940cf-bf7b-45c9-8e22-7546ef4881c9.png
77,laptop,Lenovo ThinkPad T480s Core i7-8650U 24GB RAM 512GB NVMe SSD TC FULL HD,2914500.0,Jakarta Barat,4.7,100.0,Produk tidak dapat diklik karena Iklan / ADS,https://images.tokopedia.net/img/cache/200-square/VqbcmM/2022/7/30/e1d9fabd-58ab-407c-8d65-dc7393fa7067.jpg
51,laptop,"ASUS Vivobook Pro 15 OLED M3500QC R9-5900HX 16G 512G RTX 3050 15.6""FHD",14529999.0,Jakarta Pusat,4.9,100.0,https://www.tokopedia.com/collinsofficial/asus-vivobook-pro-15-oled-m3500qc-r9-5900hx-16g-512g-rtx-3050-15-6-fhd,https://images.tokopedia.net/img/cache/200-square/VqbcmM/2021/12/9/960f3a38-b1c4-4069-8b5f-229b3942ef28.jpg
60,laptop,ASUS Vivobook Pro 15 OLED M6500QC Ryzen 5-5600H 16GB 512GB RTX3050 W11,13529999.0,Jakarta Pusat,4.9,90.0,https://www.tokopedia.com/collinsofficial/asus-vivobook-pro-15-oled-m6500qc-ryzen-5-5600h-16gb-512gb-rtx3050-w11,https://images.tokopedia.net/img/cache/200-square/VqbcmM/2022/9/23/f8d921d5-9d15-4498-954a-d174423a945f.jpg
50,laptop,"Apple Macbook Air M1 256 GB/13""/8GB - Garansi Resmi iBox",11789000.0,Jakarta Utara,5.0,500.0,https://www.tokopedia.com/universestore/apple-macbook-air-m1-256-gb-13-8gb-garansi-resmi-ibox-silver,https://images.tokopedia.net/img/cache/200-square/VqbcmM/2021/1/20/5b6654a2-4317-44ba-90f7-6333fa0f7bda.jpg
19,laptop,LAPTOP/TABLET OK ! LENOVO THINKPAD YOGA 11E CELERON RAM 4GB/256GB SSD,1742500.0,Jakarta Barat,4.8,100.0,Produk tidak dapat diklik karena Iklan / ADS,https://images.tokopedia.net/img/cache/200-square/VqbcmM/2021/12/11/45011877-e334-426f-81d0-2ca6851107da.jpg
31,laptop,ACER Nitro 5 AN515-58 - RTX3050 i5-12500H 16GB 512SSD WIN11 15.6 144Hz,13144999.0,Jakarta Utara,5.0,500.0,https://www.tokopedia.com/intelgamingid/acer-nitro-5-an515-58-rtx3050-i5-12500h-16gb-512ssd-win11-15-6-144hz-fs-16gb-100-srgb,https://images.tokopedia.net/img/cache/200-square/VqbcmM/2023/3/9/0b5cab71-5a23-481f-88dc-9f43e81b67c7.png
66,laptop,MSI GF63 THIN GeForce RTX™ 3050 - i5-11400H 8GB/16GB 512SSD -11UC.1204,10314999.0,Jakarta Utara,4.9,100.0,https://www.tokopedia.com/nvidiageforcelt/msi-gf63-thin-geforce-rtx-3050-i5-11400h-8gb-16gb-512ssd-11uc-1204-ram-8gb-tanpa-antigores,https://images.tokopedia.net/img/cache/200-square/VqbcmM/2022/12/17/c5e83931-e590-4a4f-8b03-0c17679bc42d.png
0,laptop,,,,4.9,1000.0,Produk tidak dapat diklik karena Iklan / ADS,https://images.tokopedia.net/img/cache/200-square/VqbcmM/2023/5/31/edc28ac6-755e-4af1-8961-98df295e7194.png
18,laptop,"Laptop Asus Intel Core i3 - Ram 8GB/526GB SSD - Win 10 /FREE MOUSE/TAS - Gold, 4GB/500GB",3000000.0,Jakarta Barat,4.4,250.0,Produk tidak dapat diklik karena Iklan / ADS,https://images.tokopedia.net/img/cache/200-square/VqbcmM/2022/11/17/0a6444c5-51bf-4b3d-b79d-3ad1434cc30b.jpg
63,laptop,ASUS M415DAO VIPS352 Ryzen 3 3250 8GB 512ssd Vega3 W10+OHS 14.0FHD IPS,5489000.0,Jakarta Utara,4.9,1000.0,https://www.tokopedia.com/toptech/asus-m415dao-vips352-ryzen-3-3250-8gb-512ssd-vega3-w10-ohs-14-0fhd-ips-4-256-fhd-gry,https://images.tokopedia.net/img/cache/200-square/VqbcmM/2023/3/3/0ba11eb5-a56e-45a6-8720-f39d8751d35a.jpg
34,laptop,"MURAH!! LAPTOP/NOTEBOOK ASUS E203 RAM 2GB/500GB OS WINDOWS 10 - 2GB/500GB, ASUS X200",1450000.0,Jakarta Barat,5.0,1.0,Produk tidak dapat diklik karena Iklan / ADS,https://images.tokopedia.net/img/cache/200-square/VqbcmM/2023/5/11/7186f129-314e-4f69-beb3-efda0d88d93f.png
44,laptop,"HP VICTUS 15 FA0011TX - i5-12500H 8GB RTX3050 512GB SSD 15.6""FHD 144Hz",11764999.0,Jakarta Utara,5.0,250.0,https://www.tokopedia.com/intelgamingid/hp-victus-15-fa0011tx-i5-12500h-8gb-rtx3050-512gb-ssd-15-6-fhd-144hz-fs-8gb,https://images.tokopedia.net/img/cache/200-square/VqbcmM/2023/6/9/11d1c609-4510-40dc-b4bd-d5297b216228.png
13,laptop,"ASUS VivoBook 14 M415DAO - RYZEN 3-3250U 8GB SSD 512GB 14"" FHD W10 OHS",5999000.0,Jakarta Pusat,4.9,1000.0,https://www.tokopedia.com/collinsofficial/asus-vivobook-14-m415dao-ryzen-3-3250u-8gb-ssd-512gb-14-fhd-w10-ohs,https://images.tokopedia.net/img/cache/200-square/VqbcmM/2022/8/18/b2c239e5-0cee-45c2-889d-1b0b6fb7c7f0.jpg
38,laptop,"LAPTOP INFINIX INBOOK X2 i7-1065G7 8G 512G INTEL IRIS PLUS 14"" FHD W11",6999000.0,Jakarta Pusat,4.9,250.0,https://www.tokopedia.com/collinsofficial/laptop-infinix-inbook-x2-i7-1065g7-8g-512g-intel-iris-plus-14-fhd-w11,https://images.tokopedia.net/img/cache/200-square/VqbcmM/2023/2/16/d195fd84-b502-4e5b-adc5-13587ce1a5b3.jpg
47,laptop,"LAPTOP INFINIX X2 - i7-1065G7 8GB 512GB 14"" FHD IPS sRGB 100% W11",6999000.0,Jakarta Pusat,4.8,70.0,https://www.tokopedia.com/protechcom/laptop-infinix-x2-i7-1065g7-8gb-512gb-14-fhd-ips-srgb-100-w11,https://images.tokopedia.net/img/cache/200-square/VqbcmM/2023/2/21/43689a60-c26b-487d-b598-479ada2e6912.jpg
52,laptop,"ASUS Vivobook Pro 14X OLED M3400QA Ryzen 5-5600H 512G 14"" 2.8K W11 OHS",9099000.0,Jakarta Pusat,4.9,250.0,https://www.tokopedia.com/collinsofficial/asus-vivobook-pro-14x-oled-m3400qa-ryzen-5-5600h-512g-14-2-8k-w11-ohs-ram-16gb,https://images.tokopedia.net/img/cache/200-square/VqbcmM/2023/6/12/f131159e-117f-4998-a6a4-27a36a66fb93.jpg
65,laptop,ASUS TUF GAMING F15 FX506LH - i5 10300 8GB 512ssd GTX1650 4GB W10,10149000.0,Jakarta Utara,5.0,500.0,https://www.tokopedia.com/toptech/asus-tuf-gaming-f15-fx506lh-i5-10300-8gb-512ssd-gtx1650-4gb-w10-ram-8gb,https://images.tokopedia.net/img/cache/200-square/VqbcmM/2023/1/5/70bcdbda-b462-48fd-b51c-9475814208ad.jpg
7,laptop,"LAPTOP XIAOMI Redmi Book 15 - Core i3-1115G4 8GB 256GB 15.6"" FHD W10",5029000.0,Jakarta Pusat,4.9,500.0,https://www.tokopedia.com/protechcom/laptop-xiaomi-redmi-book-15-core-i3-1115g4-8gb-256gb-15-6-fhd-w10,https://images.tokopedia.net/img/cache/200-square/VqbcmM/2021/10/19/e8b11ae8-8d35-4fc3-b7e2-cf326949e192.jpg
21,laptop,LAPTOP HP ELITEBOOK 745 G6 GAMING AMD RYZEN 5 PRO /RAM 32GB/SSD 512GB,4950000.0,Bekasi,,,Produk tidak dapat diklik karena Iklan / ADS,https://images.tokopedia.net/img/cache/200-square/VqbcmM/2023/6/7/0941e638-6f34-45e9-a88e-5fb8ae23edd9.jpg
39,laptop,"Asus Vivobook 14X M1403QA - Ryzen 5 5600H 16GB 512ssd W11+OHS 14""WUXGA",8189000.0,Jakarta Utara,5.0,250.0,https://www.tokopedia.com/toptech/asus-vivobook-14x-m1403qa-ryzen-5-5600h-16gb-512ssd-w11-ohs-14-wuxga-8gb-antigores,https://images.tokopedia.net/img/cache/200-square/VqbcmM/2023/3/3/f345bb4b-13a7-4492-b33a-9236c44f3c35.jpg
58,laptop,ASUS VivoBook 14X M1403QA-VIPS551 - Quiet Blue,8349000.0,Dilayani Tokopedia,5.0,90.0,https://www.tokopedia.com/asus/asus-vivobook-14x-m1403qa-vips551-quiet-blue,https://images.tokopedia.net/img/cache/200-square/VqbcmM/2023/4/17/96f6b6ee-29fb-4057-830a-1c9f90e7fe90.jpg
29,laptop,[RESMI IBOX] Apple MacBook Air M1 Chip 2020 256GB 8GB Garansi resmi,12149000.0,Jakarta Pusat,5.0,500.0,https://www.tokopedia.com/tokojbc/resmi-ibox-apple-macbook-air-m1-chip-2020-256gb-8gb-garansi-resmi-silver,https://images.tokopedia.net/img/cache/200-square/VqbcmM/2022/7/24/4eb93636-506b-4ab8-8ad5-0cd6edab0acd.png
75,laptop,Laptop HP 14S DQ5001TU i5-1235U 512GB 8GB Iris Xe Win11+OHS,8549000.0,Jakarta Barat,5.0,100.0,https://www.tokopedia.com/sinarmulia/laptop-hp-14s-dq5001tu-i5-1235u-512gb-8gb-iris-xe-win11-ohs,https://images.tokopedia.net/img/cache/200-square/VqbcmM/2023/5/8/e1f4f102-29a2-4794-aa54-9589160e0d14.jpg
